{
  "train/loss": 0.17919921875,
  "train/grad_norm": 0.1,
  "train/grad_norm_pre_clip": 0.2451171875,
  "train/grad_clip_ratio": 0.40796812749003986,
  "train/learning_rate": 1.0246352205896241e-05,
  "system/gpu_memory_allocated_gb": 28.241463661193848,
  "system/gpu_utilization_pct": 99.0,
  "train/epoch_loss": 0.16356965312807578,
  "val/loss": 0.28153722426470584,
  "perf/epoch_time_sec": 4020.526618242264,
  "perf/samples_per_sec": 4.0432514303578895,
  "perf/tokens_per_sec": 2989.4869854772232,
  "system/gpu_memory_reserved_gb": 119.580078125
}